id,cell,cat,num,category,type,baseDifficulty,handDifficulty,footDifficulty,footRating,footLabel,generalUsability,direction,directionLabel,center_x,center_y,boxSize,idealUsage,ideal
1779863784072,"0,0",C,1,climbing holds,jug,3,6,2,1,Heaven,1,180,down,180.93311309814453,1510.2805786132812,103.5018310546875,General,General
1779864118528,"0,0",C,2,climbing holds,jug,3,6,2,1,Heaven,1,180,down,276.30728912353516,1503.3399658203125,88.52001953125,General,General
1779864120773,"0,0",C,3,climbing holds,jug,3,6,4,2,Good,2,180,down,555.8775329589844,1474.6824340820312,64.3201904296875,General,General
1779864124115,"0,0",C,4,climbing holds,jug,1,2,2,1,Heaven,1,225,down-left,275.35204315185547,1364.5101318359375,86.60945129394531,General,General
1779864127074,"0,0",C,5,climbing holds,jug,1,2,4,2,Good,2,180,down,505.8860321044922,1372.4705200195312,56.0413818359375,General,General
1779864129327,"0,0",C,6,climbing holds,jib,4,8,10,5,Hell,10,225,down-left,247.64974975585938,1249.8798828125,51.58355712890625,Hand,Hand
1779864132296,"0,0",C,7,climbing holds,jug,1,2,4,2,Good,2,180,down,560.6537780761719,1249.2430419921875,64.95709228515625,General,General
1779864156305,"0,0",C,8,climbing holds,jug,1,2,2,1,Heaven,1,180,down,179.82689666748047,1128.8814086914062,81.51478576660156,General,General
1779864160105,"0,0",C,9,climbing holds,sloper,3,6,4,2,Good,7,180,down,386.7980499267578,1134.9313354492188,103.16714477539062,Not Ideal,Not Ideal
1779864163240,"0,0",C,10,climbing holds,jug,1,2,4,2,Good,2,225,down-left,581.3508911132812,1137.1602172851562,68.1412353515625,General,General
1779864187056,"0,0",F,1,wall features,crimp,3,6,10,5,Hell,9,45,up-right,420.86866760253906,1333.9420166015625,45.215240478515625,Hand,Hand
1779864190610,"0,0",F,2,wall features,uncategorized,5,10,10,5,Hell,10,315,up-left,513.5280609130859,1299.2345581054688,81.51480102539062,Hand,Hand
1779864194545,"0,0",F,3,wall features,uncategorized,3,6,6,3,Mid,6,45,up-right,332.98553466796875,1185.5596313476562,82.151611328125,Hand,Hand
1779864170961,"0,0",I,1,insert holds,jug,2,4,2,1,Heaven,1,180,down,410.3609161376953,1485.5086059570312,86.60946655273438,General,General
1779864175414,"0,0",I,2,insert holds,pocket,1,2,8,4,Bad,7,270,left,448.88938903808594,1215.8092651367188,80.87796020507812,General,General
1779864213618,"1,0",C,1,climbing holds,jug,1,2,4,2,Good,2,180,down,659.2951049804688,1481.0008544921875,48.3994140625,General,General
1779864216672,"1,0",C,2,climbing holds,jug,3,6,4,2,Good,2,180,down,795.8960571289062,1495.0111694335938,45.2152099609375,General,General
1779864219788,"1,0",C,3,climbing holds,jug,1,2,4,2,Good,2,180,down,1000.6383056640625,1503.2900390625,52.220458984375,General,General
1779864223914,"1,0",C,4,climbing holds,jug,1,2,2,1,Heaven,1,180,down,853.8479919433594,1431.6461791992188,91.06732177734375,General,General
1779864227746,"1,0",C,5,climbing holds,crimp,3,6,10,5,Hell,9,135,down-right,642.7374267578125,1314.1502685546875,50.94677734375,Hand,Hand
1779864231882,"1,0",C,6,climbing holds,pocket,2,4,8,4,Bad,8,180,down,1015.9223022460938,1283.900634765625,78.9674072265625,Hand,Hand
1779864236131,"1,0",C,7,climbing holds,jug,1,2,4,2,Good,2,315,up-left,644.0110778808594,1128.1947021484375,67.50439453125,General,General
1779864240098,"1,0",C,8,climbing holds,crimp,5,10,10,5,Hell,10,180,down,764.0543518066406,1138.702392578125,112.71966552734375,Hand,Hand
1779864242938,"1,0",C,9,climbing holds,crimp,4,8,10,5,Hell,10,315,up-left,881.55029296875,1191.2412719726562,59.8624267578125,Hand,Hand
1779864246120,"1,0",C,10,climbing holds,pinch,1,2,6,3,Mid,6,135,down-right,1031.2063598632812,1136.4735107421875,86.6094970703125,General,General
1779864281776,"1,0",F,1,wall features,uncategorized,5,10,8,4,Bad,9,315,up-left,709.28662109375,1367.9627685546875,129.27734375,Not Ideal,Not Ideal
1779864286504,"1,0",F,2,wall features,crimp,4,8,10,5,Hell,10,135,down-right,841.4297180175781,1281.034912109375,91.70416259765625,Hand,Hand
1779864255662,"1,0",I,1,insert holds,crimp,4,8,10,5,Hell,10,180,down,728.0732116699219,1256.1983032226562,86.60943603515625,Hand,Hand
1779864271914,"1,0",I,2,insert holds,jug,5,10,2,1,Heaven,1,180,down,990.1305236816406,1403.3070678710938,84.69891357421875,General,General
1779864299271,"2,0",C,1,climbing holds,jug,1,2,2,1,Heaven,1,180,down,1107.2098999023438,1499.5460205078125,92.8114013671875,General,General
1779864301402,"2,0",C,2,climbing holds,crimp,4,8,10,5,Hell,10,180,down,1247.0416259765625,1513.0681762695312,50.40087890625,Hand,Hand
1779864305232,"2,0",C,3,climbing holds,jug,2,4,2,1,Heaven,1,180,down,1465.2406005859375,1517.0633544921875,102.031005859375,General,General
1779864309504,"2,0",C,4,climbing holds,jug,1,2,2,1,Heaven,1,180,down,1089.3851928710938,1391.0611572265625,80.5184326171875,General,General
1779864311986,"2,0",C,5,climbing holds,jug,1,2,4,2,Good,2,180,down,1310.6574096679688,1393.21240234375,64.5377197265625,General,General
1779864316728,"2,0",C,6,climbing holds,crimp,1,2,10,5,Hell,7,135,down-right,1376.7317504882812,1315.7671508789062,54.0887451171875,General,General
1779864320002,"2,0",C,7,climbing holds,crimp,4,8,10,5,Hell,10,180,down,1107.8245849609375,1229.7168579101562,68.2255859375,Hand,Hand
1779864323181,"2,0",C,8,climbing holds,jug,1,2,2,1,Heaven,1,180,down,1322.0283203125,1153.1935424804688,79.90380859375,General,General
1779864326752,"2,0",C,9,climbing holds,crimp,3,6,10,5,Hell,9,0,up,1460.323486328125,1145.81787109375,63.923095703125,Hand,Hand
1779864343719,"2,0",F,1,wall features,uncategorized,3,6,4,2,Good,5,135,down-right,1389.3319702148438,1442.6913452148438,171.4859619140625,Not Ideal,Not Ideal
1779864346978,"2,0",F,2,wall features,uncategorized,3,6,4,2,Good,5,180,down,1233.5194091796875,1386.7586669921875,93.426025390625,Not Ideal,Not Ideal
1779864349636,"2,0",F,3,wall features,uncategorized,5,10,10,5,Hell,10,180,down,1468.3138427734375,1344.9627685546875,25.200439453125,Hand,Hand
1779864357139,"2,0",F,4,wall features,uncategorized,4,8,6,3,Mid,7,135,down-right,1307.8914794921875,1260.1417846679688,100.8017578125,Not Ideal,Not Ideal
1779864362432,"2,0",F,5,wall features,uncategorized,4,8,6,3,Mid,7,0,up,1207.0897216796875,1203.594482421875,130.3046875,Not Ideal,Not Ideal
1779864365895,"2,0",F,6,wall features,uncategorized,3,6,8,4,Bad,7,0,up,1134.5616455078125,1162.7205200195312,44.25439453125,Hand,Hand
1779864333947,"2,0",I,1,insert holds,pocket,1,2,8,4,Bad,7,315,up-left,1168.3670654296875,1321.91357421875,86.05029296875,General,General
1779864337883,"2,0",I,2,insert holds,pocket,4,8,10,5,Hell,10,0,up,1401.6248779296875,1213.1214599609375,81.747802734375,Hand,Hand
1779864373161,"3,0",C,1,climbing holds,jug,1,2,4,2,Good,2,180,down,1549.5591430664062,1510.0269165039062,62.0513916015625,General,General
1779864375994,"3,0",C,2,climbing holds,jug,3,6,4,2,Good,2,180,down,1688.7230224609375,1517.858642578125,64.461181640625,General,General
1779864378426,"3,0",C,3,climbing holds,jug,1,2,4,2,Good,2,180,down,1911.3248291015625,1522.376953125,49.400146484375,General,General
1779864381962,"3,0",C,4,climbing holds,jug,1,2,4,2,Good,2,180,down,1541.7274169921875,1394.6594848632812,47.5927734375,General,General
1779864385048,"3,0",C,5,climbing holds,jug,1,2,4,2,Good,2,180,down,1747.1597290039062,1392.8521728515625,59.6416015625,General,General
1779864389866,"3,0",C,6,climbing holds,crimp,4,8,10,5,Hell,10,135,down-right,1813.7294311523438,1325.6800537109375,42.1707763671875,Hand,Hand
1779864392991,"3,0",C,7,climbing holds,crimp,4,8,10,5,Hell,10,180,down,1538.4140625,1232.0005493164062,98.80029296875,Hand,Hand
1779864397385,"3,0",C,8,climbing holds,jug,1,2,2,1,Heaven,1,180,down,1755.5939331054688,1162.4185791015625,100.6075439453125,General,General
1779864400033,"3,0",C,9,climbing holds,jug,1,2,4,2,Good,2,0,up,1895.0589599609375,1163.0210571289062,55.424560546875,General,General
1779864414398,"3,0",F,1,wall features,uncategorized,3,6,4,2,Good,5,180,down,1833.007568359375,1429.2998657226562,149.4053955078125,Not Ideal,Not Ideal
1779864417992,"3,0",F,2,wall features,uncategorized,3,6,6,3,Mid,6,180,down,1670.9509887695312,1395.261962890625,77.1124267578125,Hand,Hand
1779864420040,"3,0",F,3,wall features,uncategorized,5,10,10,5,Hell,10,180,down,1903.7943725585938,1347.367919921875,24.7000732421875,Hand,Hand
1779864425364,"3,0",F,4,wall features,uncategorized,3,6,4,2,Good,5,135,down-right,1749.2682495117188,1260.616455078125,108.4393310546875,Not Ideal,Not Ideal
1779864430641,"3,0",F,5,wall features,uncategorized,3,6,4,2,Good,5,180,down,1648.0582275390625,1209.1077880859375,127.717529296875,Not Ideal,Not Ideal
1779864433225,"3,0",F,6,wall features,uncategorized,5,10,10,5,Hell,10,180,down,1567.0299682617188,1168.7442016601562,51.2073974609375,Hand,Hand
1779864403977,"3,0",I,1,insert holds,pocket,2,4,8,4,Bad,8,270,left,1603.4776000976562,1330.4996337890625,86.75146484375,Hand,Hand
1779864407359,"3,0",I,2,insert holds,crimp,2,4,6,3,Mid,8,0,up,1839.6343994140625,1223.8675537109375,91.571044921875,Hand,Hand
1779864631961,"0,1",C,1,climbing holds,crimp,2,4,8,4,Bad,8,225,down-left,187.01675415039062,1061.3643188476562,83.65087890625,Hand,Hand
1779864635361,"0,1",C,2,climbing holds,pinch,2,4,8,4,Bad,7,225,down-left,324.0419006347656,893.1261901855469,51.8135986328125,Hand,Hand
1779864638671,"0,1",C,3,climbing holds,pinch,3,6,6,3,Mid,8,180,down,545.030029296875,951.4945678710938,71.7899169921875,Hand,Hand
1779864718057,"0,1",C,4,climbing holds,sloper,4,8,8,4,Bad,8,180,down,185.45610809326172,660.5892333984375,52.4378662109375,Hand,Hand
1779864722051,"0,1",C,5,climbing holds,jug,1,2,4,2,Good,2,180,down,388.96498107910156,738.3096618652344,65.54733276367188,General,General
1779864725762,"0,1",C,6,climbing holds,pinch,1,2,8,4,Bad,6,225,down-left,543.1572570800781,745.80078125,69.29290771484375,General,General
1779864729342,"0,1",C,7,climbing holds,crimp,3,6,10,5,Hell,9,270,left,590.2889099121094,671.5137939453125,46.19525146484375,Hand,Hand
1779864751681,"0,1",F,1,wall features,crimp,4,8,10,5,Hell,10,90,right,283.77638244628906,1053.5015869140625,60.748291015625,Hand,Hand
1779864761007,"0,1",F,2,wall features,pocket,4,8,10,5,Hell,10,90,right,305.3255920410156,1044.8818969726562,32.0159912109375,Hand,Hand
1779864765064,"0,1",F,3,wall features,pocket,5,10,10,5,Hell,10,90,right,304.2994384765625,1073.6141967773438,25.4486083984375,Hand,Hand
1779864771456,"0,1",F,4,wall features,crimp,3,6,8,4,Bad,9,180,down,380.2347869873047,1040.3668212890625,105.48855590820312,Hand,Hand
1779864776064,"0,1",F,5,wall features,crimp,5,10,10,5,Hell,10,180,down,386.59693908691406,1070.5357666015625,37.762420654296875,Hand,Hand
1779864781265,"0,1",F,6,wall features,pocket,5,10,10,5,Hell,10,270,left,443.0353698730469,1053.5015869140625,22.98583984375,Hand,Hand
1779864784495,"0,1",F,7,wall features,pocket,5,10,10,5,Hell,10,270,left,451.03936767578125,1074.4351806640625,29.55322265625,Hand,Hand
1779864787600,"0,1",F,8,wall features,pocket,5,10,10,5,Hell,10,90,right,453.7073669433594,1043.6505126953125,24.627685546875,Hand,Hand
1779864790258,"0,1",F,9,wall features,pocket,5,10,10,5,Hell,10,90,right,462.5322723388672,1061.9160766601562,20.1126708984375,Hand,Hand
1779864797560,"0,1",F,10,wall features,jug,3,6,4,2,Good,2,0,up,278.85084533691406,1000.1416320800781,44.32977294921875,General,General
1779864801978,"0,1",F,11,wall features,jug,2,4,2,1,Heaven,1,180,down,426.2064514160156,977.1558227539062,100.56298828125,General,General
1779864806081,"0,1",F,12,wall features,jug,1,2,2,1,Heaven,1,180,down,331.1846618652344,955.6065979003906,83.734130859375,General,General
1779864818671,"0,1",F,13,wall features,jug,1,2,2,1,Heaven,1,90,right,362.1744842529297,899.7838439941406,94.81658935546875,General,General
1779864822687,"0,1",F,14,wall features,jug,3,6,2,1,Heaven,1,270,left,391.1120147705078,898.9629211425781,89.07012939453125,General,General
1779864830209,"0,1",F,15,wall features,crimp,4,8,10,5,Hell,10,90,right,490.0331726074219,921.1278381347656,61.97967529296875,Hand,Hand
1779864842582,"0,1",F,16,wall features,crimp,5,10,10,5,Hell,10,225,down-left,558.5802001953125,906.9669189453125,54.180908203125,Hand,Hand
1779864846959,"0,1",F,17,wall features,crimp,3,6,10,5,Hell,9,90,right,255.6597900390625,885.8281555175781,34.88922119140625,Hand,Hand
1779864849577,"0,1",F,18,wall features,crimp,3,6,10,5,Hell,9,90,right,253.81271362304688,850.1180114746094,44.74029541015625,Hand,Hand
1779864859304,"0,1",F,19,wall features,pocket,4,8,10,5,Hell,10,90,right,202.91551208496094,872.4881591796875,25.03814697265625,Hand,Hand
1779864863464,"0,1",F,20,wall features,pocket,3,6,10,5,Hell,9,180,down,202.29981994628906,893.01123046875,33.6578369140625,Hand,Hand
1779864867360,"0,1",F,21,wall features,sloper,3,6,8,4,Bad,7,180,down,201.47889709472656,918.0493774414062,24.627685546875,Hand,Hand
1779864873473,"0,1",F,22,wall features,pinch,3,6,8,4,Bad,8,180,down,217.48688507080078,821.5909729003906,50.07627868652344,Hand,Hand
1779864880736,"0,1",F,23,wall features,crimp,4,8,10,5,Hell,10,180,down,254.0179443359375,815.0236206054688,37.762451171875,Hand,Hand
1779864887873,"0,1",F,24,wall features,crimp,5,10,10,5,Hell,10,180,down,280.49269104003906,824.66943359375,36.531005859375,Hand,Hand
1779864891280,"0,1",F,25,wall features,jug,1,2,4,2,Good,2,180,down,318.66558837890625,832.878662109375,51.30767822265625,General,General
1779864895431,"0,1",F,26,wall features,crimp,5,10,10,5,Hell,10,180,down,355.1966552734375,832.4682006835938,33.247314453125,Hand,Hand
1779864898206,"0,1",F,27,wall features,jug,1,2,4,2,Good,2,180,down,384.13417053222656,833.9048156738281,45.150726318359375,General,General
1779864903319,"0,1",F,28,wall features,pinch,4,8,10,5,Hell,9,180,down,436.4679870605469,834.7257385253906,57.87506103515625,Hand,Hand
1779864909163,"0,1",F,29,wall features,crimp,5,10,10,5,Hell,10,180,down,477.3088836669922,833.6995849609375,37.762420654296875,Hand,Hand
1779864913066,"0,1",F,30,wall features,crimp,4,8,10,5,Hell,10,90,right,510.5562286376953,794.5005493164062,55.0018310546875,Hand,Hand
1779864916874,"0,1",F,31,wall features,crimp,5,10,10,5,Hell,10,270,left,527.179931640625,809.6876220703125,39.404296875,Hand,Hand
1779864922384,"0,1",F,32,wall features,crimp,5,10,10,5,Hell,10,135,down-right,564.32666015625,844.1663513183594,59.9273681640625,Hand,Hand
1779864932056,"0,1",F,33,wall features,crimp,4,8,10,5,Hell,10,90,right,170.48906707763672,743.398193359375,92.353759765625,Hand,Hand
1779864936119,"0,1",F,34,wall features,pinch,3,6,8,4,Bad,8,90,right,212.7665786743164,752.2231140136719,63.21099853515625,Hand,Hand
1779864940784,"0,1",F,35,wall features,crimp,5,10,10,5,Hell,10,180,down,258.53302001953125,767.2049560546875,36.12060546875,Hand,Hand
1779864945274,"0,1",F,36,wall features,crimp,5,10,10,5,Hell,10,270,left,312.3034362792969,762.8951110839844,36.12060546875,Hand,Hand
1779864947656,"0,1",F,37,wall features,crimp,5,10,10,5,Hell,10,180,down,319.6917419433594,731.0843811035156,42.68798828125,Hand,Hand
1779864953974,"0,1",F,38,wall features,pinch,4,8,10,5,Hell,9,90,right,451.2445831298828,767.2049560546875,58.6959228515625,Hand,Hand
1779864958280,"0,1",F,39,wall features,crimp,4,8,10,5,Hell,10,180,down,478.3350524902344,717.3339233398438,68.54705810546875,Hand,Hand
1779864963083,"0,1",F,40,wall features,crimp,2,4,10,5,Hell,8,225,down-left,561.2481994628906,726.7745361328125,63.62152099609375,Hand,Hand
1779864968872,"0,1",F,41,wall features,crimp,5,10,10,5,Hell,10,180,down,285.6234588623047,704.8148498535156,71.42025756835938,Hand,Hand
1779864973100,"0,1",F,42,wall features,crimp,3,6,8,4,Bad,9,180,down,378.7981719970703,686.54931640625,118.21286010742188,Hand,Hand
1779864977513,"0,1",F,43,wall features,crimp,5,10,10,5,Hell,10,180,down,476.6931915283203,668.8994750976562,62.800567626953125,Hand,Hand
1779864983120,"0,1",F,44,wall features,crimp,4,8,10,5,Hell,10,180,down,272.07823181152344,662.7425537109375,68.95748901367188,Hand,Hand
1779864988584,"0,1",F,45,wall features,uncategorized,4,8,6,3,Mid,7,180,down,376.3354034423828,650.0182495117188,128.06393432617188,Not Ideal,Not Ideal
1779864739553,"0,1",I,1,insert holds,crimp,2,4,8,4,Bad,8,135,down-right,443.5877380371094,917.1602478027344,84.8994140625,Hand,Hand
1779865034296,"1,1",C,1,climbing holds,jug,1,2,2,1,Heaven,1,180,down,719.1128845214844,1057.9027709960938,85.11834716796875,General,General
1779865039384,"1,1",C,2,climbing holds,jib,2,4,10,5,Hell,8,180,down,1028.578857421875,1070.6705322265625,41.951171875,Hand,Hand
1779865052999,"1,1",C,3,climbing holds,jug,1,2,4,2,Good,2,0,up,928.2608032226562,959.7127380371094,59.58282470703125,General,General
1779865063152,"1,1",C,4,climbing holds,sloper,3,6,4,2,Good,7,270,left,638.8584594726562,843.2829895019531,122.20562744140625,Not Ideal,Not Ideal
1779865066665,"1,1",C,5,climbing holds,jug,2,4,4,2,Good,2,135,down-right,738.8724975585938,832.3392028808594,69.91864013671875,General,General
1779865069333,"1,1",C,6,climbing holds,crimp,2,4,10,5,Hell,8,135,down-right,831.8946838378906,872.4664001464844,61.40679931640625,Hand,Hand
1779865073487,"1,1",C,7,climbing holds,jug,1,2,2,1,Heaven,1,180,down,663.7859802246094,680.0381774902344,91.19818115234375,General,General
1779865110942,"1,1",F,1,wall features,uncategorized,4,8,6,3,Mid,7,180,down,893.6054992675781,1044.5270690917969,164.15679931640625,Not Ideal,Not Ideal
1779865115199,"1,1",F,2,wall features,sloper,3,6,8,4,Bad,7,180,down,833.1106567382812,1015.6476135253906,46.8150634765625,Hand,Hand
1779865118816,"1,1",F,3,wall features,sloper,5,10,8,4,Bad,9,180,down,884.1816711425781,1016.255615234375,60.19085693359375,Not Ideal,Not Ideal
1779865125461,"1,1",F,4,wall features,sloper,3,6,4,2,Good,7,180,down,728.2326965332031,930.529296875,117.94970703125,Not Ideal,Not Ideal
1779865130193,"1,1",F,5,wall features,uncategorized,5,10,10,5,Hell,10,180,down,1008.5152587890625,888.578125,75.3905029296875,Hand,Hand
1779865133288,"1,1",F,6,wall features,sloper,4,8,8,4,Bad,8,180,down,968.6920166015625,839.9390563964844,68.70263671875,Hand,Hand
1779865137118,"1,1",F,7,wall features,sloper,4,8,8,4,Bad,8,315,up-left,919.4449462890625,790.6920471191406,63.8387451171875,Hand,Hand
1779865143896,"1,1",F,8,wall features,uncategorized,5,10,10,5,Hell,10,315,up-left,730.0566711425781,756.0367126464844,68.09466552734375,Hand,Hand
1779865149831,"1,1",F,9,wall features,crimp,5,10,10,5,Hell,10,180,down,830.9827270507812,729.2852172851562,109.4378662109375,Hand,Hand
1779865153551,"1,1",F,10,wall features,crimp,3,6,10,5,Hell,9,180,down,710.60107421875,675.1742858886719,40.12725830078125,Hand,Hand
1779865156248,"1,1",F,11,wall features,crimp,3,6,10,5,Hell,9,180,down,749.5122680664062,696.7578430175781,35.2633056640625,Hand,Hand
1779865160663,"1,1",F,12,wall features,crimp,5,10,10,5,Hell,10,180,down,816.3909912109375,681.2541809082031,110.65380859375,Hand,Hand
1779865080245,"1,1",I,1,insert holds,sloper,5,10,6,3,Mid,9,180,down,802.103271484375,959.7127380371094,85.726318359375,Not Ideal,Not Ideal
1779865085007,"1,1",I,2,insert holds,pocket,2,4,8,4,Bad,8,180,down,923.3968811035156,714.9974975585938,86.33428955078125,Hand,Hand
1779865174367,"2,1",C,1,climbing holds,pinch,2,4,4,2,Good,7,180,down,1078.9544677734375,1079.1695556640625,97.35009765625,Hand,Hand
1779865182055,"2,1",C,2,climbing holds,jug,1,2,2,1,Heaven,1,180,down,1255.5150756835938,1066.7739868164062,70.1405029296875,General,General
1779865185680,"2,1",C,3,climbing holds,crimp,2,4,8,4,Bad,8,180,down,1459.5877685546875,1084.0068359375,72.55908203125,Hand,Hand
1779865189513,"2,1",C,4,climbing holds,jug,1,2,2,1,Heaven,1,90,right,1158.4672241210938,1003.5871276855469,76.79180908203125,General,General
1779865196327,"2,1",C,5,climbing holds,crimp,2,4,10,5,Hell,8,270,left,1366.7725219726562,946.1444091796875,62.2799072265625,Hand,Hand
1779865206720,"2,1",C,6,climbing holds,jug,1,2,2,1,Heaven,1,180,down,1088.6290283203125,836.398681640625,95.5362548828125,General,General
1779865216118,"2,1",C,7,climbing holds,pinch,1,2,6,3,Mid,6,180,down,1325.9579467773438,785.304931640625,70.1405029296875,General,General
1779865219202,"2,1",C,8,climbing holds,crimp,2,4,10,5,Hell,8,90,right,1448.0992431640625,766.5604858398438,63.4892578125,Hand,Hand
1779865225249,"2,1",C,9,climbing holds,pinch,2,4,6,3,Mid,7,225,down-left,1077.4428100585938,693.0943298339844,74.9779052734375,Hand,Hand
1779865230615,"2,1",C,10,climbing holds,sloper,5,10,6,3,Mid,9,180,down,1488.0067749023438,681.9081115722656,74.9779052734375,Not Ideal,Not Ideal
1779865247521,"2,1",F,1,wall features,pocket,5,10,10,5,Hell,10,180,down,1113.4201049804688,1035.9364013671875,26.0003662109375,Hand,Hand
1779865252035,"2,1",F,2,wall features,pocket,5,10,10,5,Hell,10,180,down,1357.0979614257812,1052.8668212890625,35.0703125,Hand,Hand
1779865254839,"2,1",F,3,wall features,pocket,3,6,10,5,Hell,9,180,down,1250.9801635742188,1002.075439453125,29.0235595703125,Hand,Hand
1779865259648,"2,1",F,4,wall features,pocket,2,4,10,5,Hell,8,180,down,1295.120361328125,980.00537109375,45.3494873046875,Hand,Hand
1779865263329,"2,1",F,5,wall features,pocket,3,6,10,5,Hell,9,180,down,1321.725341796875,984.8426513671875,44.744873046875,Hand,Hand
1779865270544,"2,1",F,6,wall features,uncategorized,5,10,10,5,Hell,10,180,down,1259.4453735351562,941.6094665527344,50.7913818359375,Hand,Hand
1779865273839,"2,1",F,7,wall features,uncategorized,5,10,10,5,Hell,10,270,left,1300.562255859375,932.8419189453125,48.9774169921875,Hand,Hand
1779865278832,"2,1",F,8,wall features,crimp,5,10,10,5,Hell,10,90,right,1083.4893798828125,907.1438598632812,38.6982421875,Hand,Hand
1779865286912,"2,1",F,9,wall features,pocket,5,10,10,5,Hell,10,180,down,1128.8389282226562,905.9345397949219,43.5355224609375,Hand,Hand
1779865291856,"2,1",F,10,wall features,crimp,2,4,6,3,Mid,8,90,right,1194.1421508789062,913.4927978515625,91.3035888671875,Hand,Hand
1779865303216,"2,1",F,11,wall features,sloper,5,10,4,2,Good,9,180,down,1251.8871459960938,871.4689331054688,99.7689208984375,Not Ideal,Not Ideal
1779865307080,"2,1",F,12,wall features,pocket,5,10,10,5,Hell,10,180,down,1318.097412109375,858.1664428710938,37.4888916015625,Hand,Hand
1779865312809,"2,1",F,13,wall features,pocket,5,10,10,5,Hell,10,180,down,1363.7492065429688,895.0506591796875,38.0936279296875,Hand,Hand
1779865316839,"2,1",F,14,wall features,crimp,3,6,10,5,Hell,9,90,right,1378.5634155273438,818.2588806152344,27.8143310546875,Hand,Hand
1779865321093,"2,1",F,15,wall features,crimp,5,10,10,5,Hell,10,90,right,1378.5633544921875,835.7940063476562,30.23291015625,Hand,Hand
1779865325974,"2,1",F,16,wall features,crimp,5,10,10,5,Hell,10,180,down,1447.796875,863.9107055664062,79.21044921875,Hand,Hand
1779865331413,"2,1",F,17,wall features,jug,2,4,2,1,Heaven,1,180,down,1131.8621826171875,814.9332580566406,110.65277099609375,General,General
1779865334742,"2,1",F,18,wall features,pocket,1,2,10,5,Hell,7,180,down,1172.3743896484375,791.0491638183594,54.41937255859375,General,General
1779865339456,"2,1",F,19,wall features,jug,2,4,2,1,Heaven,1,180,down,1246.1428833007812,807.375,116.0946044921875,General,General
1779865350768,"2,1",F,20,wall features,pocket,4,8,10,5,Hell,10,90,right,1380.9819946289062,776.2350158691406,25.3956298828125,Hand,Hand
1779865353021,"2,1",F,21,wall features,pocket,4,8,10,5,Hell,10,90,right,1407.5870361328125,783.7932739257812,26.60498046875,Hand,Hand
1779865355720,"2,1",F,22,wall features,pocket,3,6,10,5,Hell,9,90,right,1403.0521240234375,761.1185607910156,21.1630859375,Hand,Hand
1779865360383,"2,1",F,23,wall features,crimp,4,8,10,5,Hell,10,90,right,1414.23828125,733.9088439941406,32.651611328125,Hand,Hand
1779865239920,"2,1",I,1,insert holds,crimp,2,4,8,4,Bad,8,180,down,1231.0263671875,744.1880798339844,80.41973876953125,Hand,Hand
1779865368664,"3,1",C,1,climbing holds,crimp,2,4,10,5,Hell,8,225,down-left,1519.673828125,1076.6639404296875,54.283935546875,Hand,Hand
1779865372934,"3,1",C,2,climbing holds,jug,1,2,2,1,Heaven,1,180,down,1627.3165893554688,1002.0233764648438,80.1922607421875,General,General
1779865379687,"3,1",C,3,climbing holds,jug,1,2,2,1,Heaven,1,315,up-left,1729.4075927734375,985.3680725097656,86.977783203125,General,General
1779865383391,"3,1",C,4,climbing holds,pinch,1,2,6,3,Mid,6,270,left,1892.87646484375,1082.2156982421875,70.322509765625,General,General
1779865390960,"3,1",C,5,climbing holds,sloper,4,8,8,4,Bad,8,180,down,1538.4881591796875,877.1084594726562,49.34912109375,Hand,Hand
1779865397415,"3,1",C,6,climbing holds,crimp,3,6,10,5,Hell,9,225,down-left,1736.193115234375,759.5958862304688,58.60205078125,Hand,Hand
1779865400823,"3,1",C,7,climbing holds,jug,5,10,4,2,Good,2,180,down,1874.9874267578125,854.2845153808594,48.73223876953125,General,General
1779865405263,"3,1",C,8,climbing holds,pinch,1,2,4,2,Good,6,270,left,1546.5074462890625,690.5071411132812,90.0621337890625,General,General
1779865408181,"3,1",C,9,climbing holds,pinch,1,2,8,4,Bad,6,180,down,1650.448974609375,706.5455932617188,58.60205078125,General,General
1779865411886,"3,1",C,10,climbing holds,sloper,2,4,6,3,Mid,6,180,down,1867.8935546875,718.2659912109375,81.426025390625,Hand,Hand
1779865432479,"3,1",F,1,wall features,crimp,5,10,10,5,Hell,10,315,up-left,1521.8328857421875,975.1898193359375,68.471923828125,Hand,Hand
1779865435778,"3,1",F,2,wall features,crimp,3,6,10,5,Hell,9,315,up-left,1573.6494140625,925.5322570800781,62.92010498046875,Hand,Hand
1779865443495,"3,1",F,3,wall features,crimp,5,10,10,5,Hell,10,315,up-left,1635.3358764648438,879.2674865722656,61.6864013671875,Hand,Hand
1779865458512,"3,1",F,4,wall features,crimp,4,8,10,5,Hell,10,315,up-left,1713.6775512695312,883.5855407714844,101.1656494140625,Hand,Hand
1779865464688,"3,1",F,5,wall features,crimp,3,6,10,5,Hell,9,270,left,1785.8506469726562,975.4982299804688,86.3609619140625,Hand,Hand
1779865472326,"3,1",F,6,wall features,crimp,2,4,6,3,Mid,8,315,up-left,1714.9112548828125,834.853271484375,96.230712890625,Hand,Hand
1779865475054,"3,1",F,7,wall features,crimp,4,8,10,5,Hell,10,315,up-left,1784.6168823242188,832.6942749023438,42.5635986328125,Hand,Hand
1779865480618,"3,1",F,8,wall features,jib,5,10,10,5,Hell,10,180,down,1645.822509765625,765.4561157226562,39.479248046875,Hand,Hand
1779865485223,"3,1",F,9,wall features,uncategorized,5,10,10,5,Hell,10,180,down,1795.720458984375,778.101806640625,64.15380859375,Hand,Hand
1779865489055,"3,1",F,10,wall features,uncategorized,5,10,10,5,Hell,10,180,down,1784.92529296875,721.6587524414062,49.9659423828125,Hand,Hand
1779865417525,"3,1",I,1,insert holds,crimp,5,10,10,5,Hell,10,270,left,1616.8298950195312,815.1136474609375,92.529541015625,Hand,Hand
1779865422166,"3,1",I,2,insert holds,crimp,2,4,6,3,Mid,8,270,left,1847.8453979492188,966.2452697753906,95.6138916015625,Hand,Hand
1779865516111,"0,2",C,1,climbing holds,jug,1,2,2,1,Heaven,1,135,down-right,273.8749771118164,565.5544738769531,86.30767822265625,General,General
1779865520118,"0,2",C,2,climbing holds,crimp,1,2,10,5,Hell,7,180,down,446.8076477050781,591.25634765625,68.5384521484375,General,General
1779865523136,"0,2",C,3,climbing holds,pinch,3,6,8,4,Bad,8,135,down-right,562.3076477050781,592.8429260253906,53.30767822265625,Hand,Hand
1779865526416,"0,2",C,4,climbing holds,jug,2,4,4,2,Good,2,90,right,208.19229125976562,354.86216735839844,50.76922607421875,General,General
1779865530126,"0,2",C,5,climbing holds,jug,1,2,2,1,Heaven,1,180,down,383.02880859375,304.4102478027344,72.98077392578125,General,General
1779865533332,"0,2",C,6,climbing holds,pinch,5,10,10,5,Hell,10,135,down-right,458.23072814941406,376.7563934326172,73.61538696289062,Hand,Hand
1779865536287,"0,2",C,7,climbing holds,jug,1,2,4,2,Good,2,180,down,576.5864562988281,448.15061950683594,59.01922607421875,General,General
1779865542705,"0,2",C,8,climbing holds,crimp,1,2,10,5,Hell,7,180,down,204.38459014892578,215.24679565429688,64.73075866699219,General,General
1779865545257,"0,2",C,9,climbing holds,crimp,2,4,10,5,Hell,8,180,down,581.0287780761719,230.4775619506836,37.44232177734375,Hand,Hand
1779865564695,"0,2",F,1,wall features,uncategorized,3,6,8,4,Bad,7,180,down,217.71151733398438,544.2948303222656,39.98077392578125,Hand,Hand
1779865569455,"0,2",F,2,wall features,uncategorized,3,6,4,2,Good,5,180,down,212.6345977783203,447.83331298828125,125.01922607421875,Not Ideal,Not Ideal
1779865573696,"0,2",F,3,wall features,uncategorized,3,6,4,2,Good,5,180,down,238.01920318603516,467.8236999511719,116.76922607421875,Not Ideal,Not Ideal
1779865579018,"0,2",F,4,wall features,uncategorized,4,8,6,3,Mid,7,180,down,267.2115173339844,466.2371520996094,113.59613037109375,Not Ideal,Not Ideal
1779865585615,"0,2",F,5,wall features,uncategorized,5,10,8,4,Bad,9,180,down,347.4903564453125,444.3429260253906,99,Not Ideal,Not Ideal
1779865589166,"0,2",F,6,wall features,crimp,4,8,10,5,Hell,10,270,left,453.7884063720703,456.71791076660156,66.63461303710938,Hand,Hand
1779865593184,"0,2",F,7,wall features,uncategorized,4,8,8,4,Bad,8,135,down-right,497.5768737792969,511.9294738769531,86.94232177734375,Hand,Hand
1779865596856,"0,2",F,8,wall features,uncategorized,5,10,10,5,Hell,10,180,down,590.8653259277344,525.8910064697266,42.519256591796875,Hand,Hand
1779865606247,"0,2",F,9,wall features,uncategorized,5,10,10,5,Hell,10,90,right,524.8653411865234,410.0736999511719,49.5,Hand,Hand
1779865611446,"0,2",F,10,wall features,crimp,5,10,10,5,Hell,10,225,down-left,528.3557281494141,375.1698455810547,42.519256591796875,Hand,Hand
1779865616011,"0,2",F,11,wall features,uncategorized,5,10,10,5,Hell,10,0,up,290.69227600097656,347.5640869140625,53.307708740234375,Hand,Hand
1779865619968,"0,2",F,12,wall features,uncategorized,5,10,8,4,Bad,9,180,down,338.6057434082031,339.9486999511719,105.98077392578125,Not Ideal,Not Ideal
1779865625110,"0,2",F,13,wall features,uncategorized,3,6,6,3,Mid,6,180,down,514.3941802978516,326.9390869140625,80.59616088867188,Hand,Hand
1779865629238,"0,2",F,14,wall features,uncategorized,5,10,10,5,Hell,10,180,down,506.1441955566406,285.0544738769531,72.98077392578125,Hand,Hand
1779865631711,"0,2",F,15,wall features,uncategorized,5,10,10,5,Hell,10,180,down,473.77879333496094,271.0929489135742,53.30769348144531,Hand,Hand
1779865636270,"0,2",F,16,wall features,uncategorized,5,10,10,5,Hell,10,180,down,451.2499542236328,257.7660217285156,49.5,Hand,Hand
1779865640314,"0,2",F,17,wall features,jib,5,10,10,5,Hell,10,180,down,408.0961151123047,219.05448150634766,31.730743408203125,Hand,Hand
1779865555319,"0,2",I,1,insert holds,jug,4,8,2,1,Heaven,1,180,down,390.6441955566406,520.4967651367188,90.75,General,General
1779865559415,"0,2",I,2,insert holds,pocket,1,2,6,3,Mid,7,180,down,279.2691955566406,277.1217956542969,92.01922607421875,General,General
1779865656503,"1,2",C,1,climbing holds,jug,1,2,4,2,Good,2,180,down,932.981201171875,595.1248779296875,49.6964111328125,General,General
1779865659912,"1,2",C,2,climbing holds,jug,1,2,2,1,Heaven,1,180,down,1012.8728332519531,630.3526916503906,72.97186279296875,General,General
1779865669278,"1,2",C,3,climbing holds,sloper,5,10,8,4,Bad,9,180,down,880.7685546875,481.2635803222656,50.9544677734375,Not Ideal,Not Ideal
1779865672125,"1,2",C,4,climbing holds,pocket,2,4,10,5,Hell,8,180,down,728.2195434570312,423.3893280029297,51.583587646484375,Hand,Hand
1779865678308,"1,2",C,5,climbing holds,jug,2,4,4,2,Good,2,180,down,660.5947570800781,231.20906829833984,47.18009948730469,General,General
1779865681903,"1,2",C,6,climbing holds,jug,2,4,4,2,Good,2,180,down,723.8161010742188,273.04207611083984,56.6160888671875,General,General
1779865684369,"1,2",C,7,climbing holds,pinch,2,4,8,4,Bad,7,90,right,938.0137329101562,272.72755432128906,40.889434814453125,Hand,Hand
1779865687215,"1,2",C,8,climbing holds,pinch,1,2,8,4,Bad,6,180,down,1032.0593566894531,247.8793716430664,61.64862060546875,General,General
1779865704661,"1,2",F,1,wall features,crimp,3,6,10,5,Hell,9,180,down,735.7684020996094,579.3981628417969,76.74627685546875,Hand,Hand
1779865707735,"1,2",F,2,wall features,pinch,5,10,10,5,Hell,10,270,left,801.5059814453125,572.4784545898438,46.551025390625,Hand,Hand
1779865710721,"1,2",F,3,wall features,crimp,5,10,10,5,Hell,10,180,down,866.2999877929688,608.96435546875,68.568359375,Hand,Hand
1779865716216,"1,2",F,4,wall features,crimp,4,8,10,5,Hell,10,90,right,687.6446838378906,519.6367340087891,65.42306518554688,Hand,Hand
1779865720616,"1,2",F,5,wall features,pinch,5,10,10,5,Hell,10,180,down,755.2695007324219,529.3872680664062,39.00225830078125,Hand,Hand
1779865723897,"1,2",F,6,wall features,uncategorized,5,10,10,5,Hell,10,90,right,818.17626953125,522.7820587158203,71.7137451171875,Hand,Hand
1779865727952,"1,2",F,7,wall features,crimp,4,8,10,5,Hell,10,180,down,889.8900451660156,535.0488586425781,76.74627685546875,Hand,Hand
1779865730998,"1,2",F,8,wall features,jug,3,6,4,2,Good,2,270,left,956.8857727050781,539.4523620605469,50.95452880859375,General,General
1779865734314,"1,2",F,9,wall features,pocket,5,10,10,5,Hell,10,180,down,981.7339782714844,521.52392578125,28.9371337890625,Hand,Hand
1779865737063,"1,2",F,10,wall features,pocket,4,8,10,5,Hell,10,180,down,1006.2676391601562,520.2658081054688,28.9371337890625,Hand,Hand
1779865739806,"1,2",F,11,wall features,pocket,4,8,10,5,Hell,10,180,down,1031.1158142089844,519.0076599121094,26.42083740234375,Hand,Hand
1779865745959,"1,2",F,12,wall features,crimp,3,6,8,4,Bad,9,90,right,681.6685485839844,419.929443359375,125.18450927734375,Hand,Hand
1779865752079,"1,2",F,13,wall features,jug,2,4,4,2,Good,2,180,down,743.9462890625,474.029296875,61.648681640625,General,General
1779865755624,"1,2",F,14,wall features,pinch,3,6,8,4,Bad,8,180,down,817.5472106933594,470.8839569091797,65.42303466796875,Hand,Hand
1779865762794,"1,2",F,15,wall features,jug,4,8,2,1,Heaven,1,0,up,879.824951171875,438.80149841308594,79.2625732421875,General,General
1779865766943,"1,2",F,16,wall features,jug,2,4,4,2,Good,2,90,right,926.6905212402344,476.86009216308594,65.42306518554688,General,General
1779865775095,"1,2",F,17,wall features,crimp,3,6,10,5,Hell,9,270,left,974.4996643066406,454.2136535644531,79.2625732421875,Hand,Hand
1779865779805,"1,2",F,18,wall features,crimp,5,10,10,5,Hell,10,90,right,1009.7274780273438,444.4631042480469,98.763671875,Hand,Hand
1779865782527,"1,2",F,19,wall features,crimp,5,10,10,5,Hell,10,270,left,1036.1483459472656,437.22882080078125,47.80914306640625,Hand,Hand
1779865790295,"1,2",F,20,wall features,pinch,2,4,8,4,Bad,7,180,down,750.8660278320312,352.3046417236328,60.3905029296875,Hand,Hand
1779865795296,"1,2",F,21,wall features,pinch,3,6,8,4,Bad,8,90,right,824.7815246582031,365.51507568359375,54.099853515625,Hand,Hand
1779865807871,"1,2",F,22,wall features,jug,4,8,4,2,Good,2,90,right,818.4908447265625,414.5823669433594,55.987060546875,General,General
1779865812936,"1,2",F,23,wall features,jug,1,2,2,1,Heaven,1,180,down,888.3173828125,412.69517517089844,81.1497802734375,General,General
1779865818998,"1,2",F,24,wall features,crimp,4,8,10,5,Hell,10,90,right,945.2480163574219,385.95977783203125,84.9241943359375,Hand,Hand
1779865822391,"1,2",F,25,wall features,crimp,5,10,10,5,Hell,10,270,left,967.5799255371094,386.90338134765625,89.32763671875,Hand,Hand
1779865826839,"1,2",F,26,wall features,pocket,5,10,10,5,Hell,10,180,down,1021.365234375,354.1918487548828,62.90673828125,Hand,Hand
1779865829728,"1,2",F,27,wall features,pocket,4,8,10,5,Hell,10,180,down,1022.308837890625,378.4109649658203,59.761474609375,Hand,Hand
1779865837056,"1,2",F,28,wall features,uncategorized,5,10,10,5,Hell,10,180,down,683.2412109375,308.5844268798828,68.568359375,Hand,Hand
1779865840584,"1,2",F,29,wall features,jug,2,4,4,2,Good,2,135,down-right,719.0981140136719,245.99215698242188,57.24517822265625,General,General
1779865843983,"1,2",F,30,wall features,crimp,3,6,10,5,Hell,9,225,down-left,763.1328430175781,244.1049575805664,36.48594665527344,Hand,Hand
1779865846800,"1,2",F,31,wall features,uncategorized,5,10,8,4,Bad,9,180,down,810.3129272460938,300.4065399169922,101.2799072265625,Not Ideal,Not Ideal
1779865852376,"1,2",F,32,wall features,crimp,5,10,10,5,Hell,10,180,down,951.8532409667969,317.7059020996094,172.99371337890625,Hand,Hand
1779865693304,"1,2",I,1,insert holds,crimp,5,10,10,5,Hell,10,270,left,901.2132568359375,368.9749450683594,79.2625732421875,Hand,Hand
1779865860937,"2,2",C,1,climbing holds,jug,1,2,4,2,Good,2,180,down,1079.5264282226562,638.8098449707031,68.8280029296875,General,General
1779865865697,"2,2",C,2,climbing holds,pinch,1,2,8,4,Bad,6,90,right,1118.5086059570312,543.1815185546875,64.5643310546875,General,General
1779865869390,"2,2",C,3,climbing holds,pinch,2,4,6,3,Mid,7,90,right,1232.1053466796875,480.1399383544922,71.26443481445312,Hand,Hand
1779865872209,"2,2",C,4,climbing holds,jug,1,2,4,2,Good,2,180,down,1449.2486572265625,516.9903411865234,53.600616455078125,General,General
1779865876173,"2,2",C,5,climbing holds,jug,2,4,4,2,Good,2,180,down,1107.8494262695312,252.03286743164062,53.6005859375,General,General
1779865879423,"2,2",C,6,climbing holds,sloper,5,10,8,4,Bad,9,180,down,1293.9287719726562,325.4291229248047,54.209686279296875,Not Ideal,Not Ideal
1779865882593,"2,2",C,7,climbing holds,jug,5,10,4,2,Good,2,180,down,1432.802978515625,317.20631408691406,45.682373046875,General,General
1779865885959,"2,2",C,8,climbing holds,jug,1,2,4,2,Good,2,180,down,1471.7852783203125,254.46926879882812,57.8642578125,General,General
1779865899719,"2,2",F,1,wall features,crimp,4,8,10,5,Hell,10,90,right,1185.5093994140625,629.0642700195312,69.4371337890625,Hand,Hand
1779865902671,"2,2",F,2,wall features,pocket,4,8,10,5,Hell,10,90,right,1203.1732177734375,615.9686889648438,33.5003662109375,Hand,Hand
1779865905014,"2,2",F,3,wall features,pocket,5,10,10,5,Hell,10,90,right,1204.3914184570312,648.555419921875,31.673095703125,Hand,Hand
1779865910151,"2,2",F,4,wall features,crimp,3,6,8,4,Bad,9,180,down,1282.0513305664062,610.7913513183594,101.1102294921875,Hand,Hand
1779865912493,"2,2",F,5,wall features,crimp,5,10,10,5,Hell,10,180,down,1341.4384155273438,608.35498046875,21.927490234375,Hand,Hand
1779865914541,"2,2",F,6,wall features,pocket,5,10,10,5,Hell,10,270,left,1344.1793212890625,626.018798828125,18.27294921875,Hand,Hand
1779865916981,"2,2",F,7,wall features,pocket,5,10,10,5,Hell,10,270,left,1350.270263671875,643.0735168457031,25.58209228515625,Hand,Hand
1779865920832,"2,2",F,8,wall features,pocket,5,10,10,5,Hell,10,180,down,1358.4931030273438,606.2231140136719,32.28216552734375,Hand,Hand
1779865924376,"2,2",F,9,wall features,pocket,5,10,10,5,Hell,10,90,right,1363.9749755859375,631.5006713867188,24.972900390625,Hand,Hand
1779865934046,"2,2",F,10,wall features,jug,3,6,4,2,Good,2,0,up,1177.8956298828125,563.2817687988281,43.85504150390625,General,General
1779865937535,"2,2",F,11,wall features,crimp,5,10,10,5,Hell,10,0,up,1257.078369140625,569.3727111816406,103.546630859375,Hand,Hand
1779865942327,"2,2",F,12,wall features,jug,2,4,2,1,Heaven,1,180,down,1349.9656982421875,556.2771301269531,79.791748046875,General,General
1779865947964,"2,2",F,13,wall features,crimp,4,8,10,5,Hell,10,90,right,1180.33203125,502.3719940185547,53.600616455078125,Hand,Hand
1779865951830,"2,2",F,14,wall features,jug,1,2,2,1,Heaven,1,180,down,1232.409912109375,526.1268005371094,74.9189453125,General,General
1779865957791,"2,2",F,15,wall features,pocket,4,8,10,5,Hell,10,180,down,1114.5494995117188,458.51695251464844,20.7093505859375,Hand,Hand
1779865959711,"2,2",F,16,wall features,pocket,3,6,10,5,Hell,9,180,down,1109.9812622070312,478.0080871582031,24.9730224609375,Hand,Hand
1779865962079,"2,2",F,17,wall features,pocket,3,6,10,5,Hell,9,180,down,1107.2403564453125,500.2401428222656,28.0185546875,Hand,Hand
1779865966839,"2,2",F,18,wall features,pinch,3,6,8,4,Bad,8,180,down,1136.47705078125,400.34814453125,58.473388671875,Hand,Hand
1779865970017,"2,2",F,19,wall features,crimp,5,10,10,5,Hell,10,180,down,1176.3729248046875,399.7390441894531,39.59130859375,Hand,Hand
1779865972473,"2,2",F,20,wall features,crimp,3,6,10,5,Hell,9,90,right,1166.6273193359375,432.3257751464844,52.991455078125,Hand,Hand
1779865974824,"2,2",F,21,wall features,crimp,3,6,10,5,Hell,9,90,right,1161.7545776367188,461.2579040527344,49.3367919921875,Hand,Hand
1779865979855,"2,2",F,22,wall features,jug,5,10,4,2,Good,2,0,up,1234.5416870117188,429.2802734375,69.4371337890625,General,General
1779865983455,"2,2",F,23,wall features,jug,3,6,2,1,Heaven,1,270,left,1274.1331176757812,480.4444580078125,80.40087890625,General,General
1779865989759,"2,2",F,24,wall features,jug,1,2,2,1,Heaven,1,180,down,1299.7152099609375,482.88087463378906,87.71005249023438,General,General
1779865993391,"2,2",F,25,wall features,uncategorized,3,6,8,4,Bad,7,180,down,1224.1870727539062,389.079833984375,38.9822998046875,Hand,Hand
1779865997303,"2,2",F,26,wall features,jug,1,2,4,2,Good,2,180,down,1289.3604736328125,396.99810791015625,40.200439453125,General,General
1779866001471,"2,2",F,27,wall features,pinch,5,10,10,5,Hell,10,180,down,1344.7884521484375,411.3118896484375,58.473388671875,Hand,Hand
1779866006090,"2,2",F,28,wall features,crimp,5,10,10,5,Hell,10,180,down,1387.4252319335938,405.5254669189453,52.382415771484375,Hand,Hand
1779866008943,"2,2",F,29,wall features,crimp,5,10,10,5,Hell,10,90,right,1412.3982543945312,362.58409118652344,35.936737060546875,Hand,Hand
1779866014416,"2,2",F,30,wall features,crimp,5,10,10,5,Hell,10,135,down-right,1445.5941162109375,400.9572448730469,57.8642578125,Hand,Hand
1779866017919,"2,2",F,31,wall features,crimp,5,10,10,5,Hell,10,180,down,1442.2440185546875,438.416748046875,53.6005859375,Hand,Hand
1779866023751,"2,2",F,32,wall features,crimp,5,10,10,5,Hell,10,225,down-left,1453.2078247070312,476.48533630371094,73.0916748046875,Hand,Hand
1779866028614,"2,2",F,33,wall features,crimp,4,8,10,5,Hell,10,90,right,1095.3629150390625,326.0382385253906,88.31915283203125,Hand,Hand
1779866031585,"2,2",F,34,wall features,pinch,3,6,6,3,Mid,8,90,right,1130.3860473632812,325.4291229248047,82.22817993164062,Hand,Hand
1779866035502,"2,2",F,35,wall features,crimp,5,10,10,5,Hell,10,90,right,1170.5865478515625,312.942626953125,42.6368408203125,Hand,Hand
1779866039549,"2,2",F,36,wall features,crimp,5,10,10,5,Hell,10,180,down,1170.5864868164062,345.52935791015625,38.9822998046875,Hand,Hand
1779866043537,"2,2",F,37,wall features,crimp,5,10,10,5,Hell,10,180,down,1191.9049072265625,284.31504821777344,57.255126953125,Hand,Hand
1779866048180,"2,2",F,38,wall features,crimp,5,10,10,5,Hell,10,180,down,1230.2780151367188,309.89715576171875,51.1641845703125,Hand,Hand
1779866051967,"2,2",F,39,wall features,crimp,5,10,10,5,Hell,10,270,left,1225.1007080078125,342.1793212890625,52.991455078125,Hand,Hand
1779866057568,"2,2",F,40,wall features,crimp,3,6,8,4,Bad,9,180,down,1275.0467529296875,277.3104248046875,107.810302734375,Hand,Hand
1779866062327,"2,2",F,41,wall features,pinch,4,8,10,5,Hell,9,90,right,1347.8339233398438,340.96112060546875,67.000732421875,Hand,Hand
1779866070144,"2,2",F,42,wall features,crimp,3,6,10,5,Hell,9,180,down,1372.806884765625,278.5286178588867,73.70082092285156,Hand,Hand
1779866082623,"2,2",F,43,wall features,crimp,3,6,10,5,Hell,9,225,down-left,1454.1213989257812,314.16082763671875,77.3553466796875,Hand,Hand
1779866086616,"2,2",F,44,wall features,crimp,5,10,10,5,Hell,10,180,down,1181.5502319335938,244.72370147705078,47.5096435546875,Hand,Hand
1779866089326,"2,2",F,45,wall features,crimp,5,10,10,5,Hell,10,180,down,1266.2147827148438,241.37367248535156,132.7833251953125,Hand,Hand
1779865894385,"2,2",I,1,insert holds,crimp,5,10,10,5,Hell,10,180,down,1347.8339233398438,487.44911193847656,91.3646240234375,Hand,Hand
1779866100343,"3,2",C,1,climbing holds,crimp,1,2,8,4,Bad,7,180,down,1544.6102294921875,620.1458129882812,71.349853515625,General,General
1779866104679,"3,2",C,2,climbing holds,crimp,2,4,8,4,Bad,8,135,down-right,1607.7971801757812,510.40008544921875,70.1405029296875,Hand,Hand
1779866107033,"3,2",C,3,climbing holds,jug,1,2,4,2,Good,2,180,down,1708.4730224609375,524.3072509765625,42.326171875,General,General
1779866112944,"3,2",C,4,climbing holds,jug,2,4,4,2,Good,2,180,down,1864.4752197265625,650.0764770507812,60.466064453125,General,General
1779866118199,"3,2",C,5,climbing holds,pocket,3,6,10,5,Hell,9,180,down,1855.4053344726562,498.0045623779297,79.8150634765625,Hand,Hand
1779866122301,"3,2",C,6,climbing holds,sloper,4,8,8,4,Bad,8,180,down,1580.2850952148438,361.95611572265625,47.1634521484375,Hand,Hand
1779866124785,"3,2",C,7,climbing holds,sloper,3,6,8,4,Bad,7,180,down,1673.1004028320312,367.3980712890625,52.60540771484375,Hand,Hand
1779866127423,"3,2",C,8,climbing holds,jug,1,2,4,2,Good,2,270,left,1782.84619140625,399.7473602294922,61.67529296875,General,General
1779866149081,"3,2",C,9,climbing holds,crimp,2,4,10,5,Hell,8,180,down,1538.5635986328125,255.2336883544922,49.58203125,Hand,Hand
1779866152280,"3,2",C,10,climbing holds,crimp,1,2,8,4,Bad,7,180,down,1849.3587646484375,320.5369415283203,82.23373413085938,General,General
1779866175039,"3,2",F,1,wall features,uncategorized,5,10,10,5,Hell,10,180,down,1580.28515625,439.6549072265625,26.60498046875,Hand,Hand
1779866180367,"3,2",F,2,wall features,uncategorized,5,10,10,5,Hell,10,180,down,1635.6115112304688,376.16563415527344,48.372772216796875,Hand,Hand
1779866186525,"3,2",F,3,wall features,uncategorized,3,6,6,3,Mid,6,180,down,1679.4493408203125,527.6329040527344,86.46636962890625,Hand,Hand
1779866189909,"3,2",F,4,wall features,uncategorized,4,8,10,5,Hell,9,180,down,1690.0308837890625,434.817626953125,44.14013671875,Hand,Hand
1779866194217,"3,2",F,5,wall features,uncategorized,5,10,10,5,Hell,10,180,down,1722.3801879882812,408.81724548339844,64.0938720703125,Hand,Hand
1779866210295,"3,2",F,6,wall features,uncategorized,3,6,8,4,Bad,7,180,down,1710.8916625976562,463.5389709472656,36.2796630859375,Hand,Hand
1779866212163,"3,2",F,7,wall features,uncategorized,4,8,10,5,Hell,9,180,down,1732.3570556640625,475.6321563720703,27.209686279296875,Hand,Hand
1779866217351,"3,2",F,8,wall features,uncategorized,5,10,10,5,Hell,10,180,down,1752.3108520507812,454.16673278808594,38.0936279296875,Hand,Hand
1779866220972,"3,2",F,9,wall features,uncategorized,5,10,10,5,Hell,10,180,down,1747.7759399414062,517.656005859375,60.4659423828125,Hand,Hand
1779866224567,"3,2",F,10,wall features,uncategorized,5,10,10,5,Hell,10,180,down,1772.8692626953125,476.8414764404297,24.791046142578125,Hand,Hand
1779866227063,"3,2",F,11,wall features,uncategorized,5,10,10,5,Hell,10,180,down,1789.195068359375,501.0278778076172,24.791046142578125,Hand,Hand
1779866229253,"3,2",F,12,wall features,uncategorized,5,10,10,5,Hell,10,180,down,1805.2185668945312,529.1445617675781,31.44232177734375,Hand,Hand
1779866231551,"3,2",F,13,wall features,pocket,5,10,10,5,Hell,10,180,down,1829.707275390625,577.2149658203125,30.837646484375,Hand,Hand
1779866233766,"3,2",F,14,wall features,uncategorized,5,10,10,5,Hell,10,180,down,1869.6148071289062,557.2611999511719,33.25628662109375,Hand,Hand
1779866242328,"3,2",F,15,wall features,uncategorized,5,10,10,5,Hell,10,180,down,1857.5216064453125,416.6778259277344,61.67529296875,Hand,Hand
1779866166288,"3,2",I,1,insert holds,pocket,1,2,8,4,Bad,7,225,down-left,1770.7529907226562,610.7735900878906,72.55914306640625,General,General
1779866172535,"3,2",I,2,insert holds,crimp,3,6,10,5,Hell,9,180,down,1727.8220825195312,332.0254821777344,73.76849365234375,Hand,Hand
1779866250430,"0,3",C,1,climbing holds,pinch,1,2,8,4,Bad,6,180,down,203.30870819091797,140.8243408203125,44.35020446777344,General,General
1779866254808,"0,3",C,2,climbing holds,jug,1,2,2,1,Heaven,1,180,down,281.2445068359375,107.88462448120117,73.62995147705078,General,General
1779866261473,"0,3",C,3,climbing holds,jug,1,2,2,1,Heaven,1,180,down,581.1466064453125,152.88070678710938,73.19937133789062,General,General
1779866264118,"0,3",C,4,climbing holds,jug,1,2,4,2,Good,2,45,up-right,349.27687072753906,26.504153966903687,54.684234619140625,General,General
1779866266878,"0,3",C,5,climbing holds,jug,1,2,2,1,Heaven,1,180,down,524.0941772460938,-4.928516387939453,89.1309814453125,General,General
1779866277207,"0,3",F,1,wall features,uncategorized,5,10,10,5,Hell,10,180,down,232.15786743164062,48.03337740898132,83.96397638320923,Hand,Hand
1779866281175,"0,3",F,2,wall features,uncategorized,3,6,4,2,Good,5,180,down,377.9107208251953,141.90079879760742,112.81314086914062,Not Ideal,Not Ideal
1779866283789,"0,3",F,3,wall features,uncategorized,3,6,6,3,Mid,6,180,down,397.5023193359375,74.083740234375,86.11689758300781,Hand,Hand
1779866287975,"0,3",F,4,wall features,uncategorized,3,6,6,3,Mid,6,180,down,447.4501190185547,21.12184762954712,78.79696655273438,Hand,Hand
1779866273807,"0,3",I,1,insert holds,crimp,3,6,8,4,Bad,9,180,down,475.86871337890625,115.41985702514648,97.74267578125,Hand,Hand
1779866295471,"1,3",C,1,climbing holds,pocket,3,6,10,5,Hell,9,180,down,667.2752685546875,160.70053100585938,71.46920776367188,Hand,Hand
1779866302656,"1,3",C,2,climbing holds,sloper,1,2,8,4,Bad,5,180,down,883.364501953125,62.32527732849121,53.3917236328125,General,General
1779866305455,"1,3",C,3,climbing holds,pocket,2,4,10,5,Hell,8,180,down,1031.7681579589844,189.07801055908203,60.11820983886719,Hand,Hand
1779866314789,"1,3",F,1,wall features,uncategorized,5,10,10,5,Hell,10,180,down,1041.2273559570312,95.32723236083984,39.93867492675781,Hand,Hand
1779866317022,"1,3",F,2,wall features,uncategorized,5,10,10,5,Hell,10,180,down,952.10107421875,94.27621459960938,51.28965759277344,Hand,Hand
1779866320991,"1,3",F,3,wall features,uncategorized,2,4,2,1,Heaven,3,135,down-right,821.7748413085938,20.494773864746094,164.799560546875,Feet,Feet
1779866311127,"1,3",I,1,insert holds,pocket,2,4,8,4,Bad,8,180,down,787.9320983886719,141.78221130371094,85.34259033203125,Hand,Hand
1779866328328,"2,3",C,1,climbing holds,jug,4,8,2,1,Heaven,1,135,down-right,1103.7963256835938,174.1449432373047,74.2406005859375,General,General
1779866333832,"2,3",C,2,climbing holds,crimp,3,6,10,5,Hell,9,180,down,1277.0244140625,189.7184066772461,43.09367370605469,Hand,Hand
1779866336005,"2,3",C,3,climbing holds,crimp,2,4,10,5,Hell,8,225,down-left,1462.6259155273438,189.93174743652344,57.6004638671875,Hand,Hand
1779866339310,"2,3",C,4,climbing holds,sloper,2,4,6,3,Mid,6,180,down,1317.3446655273438,74.30414199829102,89.6007080078125,Hand,Hand
1779866341750,"2,3",C,5,climbing holds,jug,1,2,4,2,Good,2,180,down,1458.785888671875,76.86416244506836,67.840576171875,General,General
1779866352857,"2,3",F,1,wall features,uncategorized,5,10,8,4,Bad,9,0,up,1371.7451782226562,165.82488250732422,120.7476806640625,Not Ideal,Not Ideal
1779866357976,"2,3",F,2,wall features,uncategorized,4,8,6,3,Mid,7,180,down,1296.4379272460938,111.85111618041992,195.4149169921875,Not Ideal,Not Ideal
1779866345031,"2,3",I,1,insert holds,sloper,3,6,4,2,Good,7,180,down,1222.6239624023438,62.14404487609863,93.0140380859375,Not Ideal,Not Ideal
1779866370776,"3,3",C,1,climbing holds,jug,4,8,4,2,Good,2,180,down,1530.6192626953125,201.8971710205078,50.669677734375,General,General
1779866372999,"3,3",C,2,climbing holds,crimp,1,2,10,5,Hell,7,180,down,1607.3580322265625,192.90147399902344,54.341339111328125,General,General
1779866377199,"3,3",C,3,climbing holds,jug,1,2,4,2,Good,2,180,down,1751.47265625,137.2750473022461,53.97416687011719,General,General
1779866381416,"3,3",C,4,climbing holds,crimp,1,2,10,5,Hell,7,180,down,1531.9043579101562,9.683063507080078,46.6307373046875,General,General
1779866384561,"3,3",C,5,climbing holds,jug,1,2,4,2,Good,2,270,left,1603.3191528320312,12.804018020629883,66.45798110961914,General,General
1779866388927,"3,3",C,6,climbing holds,uncategorized,5,10,8,4,Bad,9,135,down-right,1774.2373046875,38.50599932670593,119.33056640625,Not Ideal,Not Ideal
1779866396341,"3,3",F,1,wall features,uncategorized,2,4,2,1,Heaven,3,180,down,1736.602294921875,214.38098907470703,119.69775390625,Feet,Feet
1779866398789,"3,3",F,2,wall features,uncategorized,3,6,8,4,Bad,7,180,down,1718.7944946289062,191.43279266357422,51.7711181640625,Hand,Hand
1779866391900,"3,3",I,1,insert holds,pocket,2,4,10,5,Hell,8,180,down,1637.466064453125,142.78260803222656,55.81005859375,Hand,Hand
